Profesores;Contrato
Profesor 1;1
Profesor 2;1
Profesor 3;1
Profesor 4;1
Profesor 5;1
Profesor 6;1
Profesor 7;1
Profesor 8;1
Profesor 9;1
Profesor 10;1
Profesor 11;1
Profesor 12;1
Profesor 13;1
Profesor 14;1
Profesor 15;1
Profesor 16;1
Profesor 17;1
Profesor 18;1
Profesor 19;1
Profesor 20;1
Profesor 21;1
Profesor 22;1
Profesor 23;1
Profesor 24;1
Profesor 25;1
Profesor 26;1
Profesor 27;1
Profesor 28;1
Profesor 29;1
Profesor 30;1
Profesor 31;1
Profesor 32;1
Profesor 33;1
Profesor 34;1
Profesor 35;1
Profesor 36;1
Profesor 37;1
Profesor 38;1
Profesor 39;1
Profesor 40;1
Profesor 41;1
Profesor 42;1
Profesor 43;1
Profesor 44;1
Profesor 45;1
Profesor 46;1
Profesor 47;1
Profesor 48;1
Profesor 49;1
Profesor 50;1
Profesor 51;1
Profesor 52;1
Profesor 53;1
Profesor 54;1
Profesor 55;1
Profesor 56;1
Profesor 57;1
Profesor 58;1
Profesor 59;1
Profesor 60;1
Profesor 61;1
Profesor 62;1
Profesor 63;1
Profesor 64;1
Profesor 65;1
Profesor 66;1
Profesor 67;1
Profesor 68;1
Profesor 69;1
Profesor 70;1
Profesor 71;1
Profesor 72;1
Profesor 73;1
Profesor 74;1
Profesor 75;1
Profesor 76;1
Profesor 77;1
Profesor 78;1
Profesor 79;1
Profesor 80;1
Profesor 81;1
Profesor 82;1
Profesor 83;1
Profesor 84;1
Profesor 85;1
Profesor 86;1
Profesor 87;1
Profesor 88;1
Profesor 89;1
Profesor 90;1
Profesor 91;1
Profesor 92;1
Profesor 93;1
Profesor 94;1
Profesor 95;1
Profesor 96;1
Profesor 97;1
Profesor 98;1
Profesor 99;1
Profesor 100;1
Profesor 101;1
Profesor 102;1
Profesor 103;1
Profesor 104;1
Profesor 105;1
Profesor 106;1
Profesor 107;1
Profesor 108;1
Profesor 109;1
Profesor 110;1
Profesor 111;1
Profesor 112;1
Profesor 113;1
Profesor 114;1
Profesor 115;1
Profesor 116;1
Profesor 117;1
Profesor 118;1
Profesor 119;1
Profesor 120;1
Profesor 121;1
Profesor 122;1
Profesor 123;1
Profesor 124;1
Profesor 125;1
Profesor 126;1
Profesor 127;1
Profesor 128;1
Profesor 129;1
Profesor 130;1
Profesor 131;1
Profesor 132;1
Profesor 133;1
Profesor 134;1
Profesor 135;1
Profesor 136;1
Profesor 137;1
Profesor 138;1
Profesor 139;1
Profesor 140;1
Profesor 141;1
Profesor 142;1
Profesor 143;1
Profesor 144;1
Profesor 145;1
Profesor 146;1
Profesor 147;1
Profesor 148;1
Profesor 149;1
Profesor 150;1
Profesor 151;1
Profesor 152;1
Profesor 153;1
Profesor 154;1
Profesor 155;1
Profesor 156;1
Profesor 157;1
Profesor 158;1
Profesor 159;1
Profesor 160;1
Profesor 161;1
Profesor 162;1
Profesor 163;1
Profesor 164;1
Profesor 165;1
Profesor 166;1
Profesor 167;1
Profesor 168;1
Profesor 169;1
Profesor 170;1
Profesor 171;1
Profesor 172;1
Profesor 173;1
Profesor 174;1
Profesor 175;1
Profesor 176;1
Profesor 177;1
Profesor 178;1
Profesor 179;1
Profesor 180;1
Profesor 181;1
Profesor 182;1
Profesor 183;1
Profesor 184;1
Profesor 185;1
Profesor 186;1
Profesor 187;1
Profesor 188;1
Profesor 189;1
Profesor 190;1
Profesor 191;1
Profesor 192;1
Profesor 193;1
Profesor 194;1
Profesor 195;1
Profesor 196;1
Profesor 197;1
Profesor 198;1
Profesor 199;1
Profesor 200;1
Profesor 201;1
Profesor 202;1
Profesor 203;1
Profesor 204;1
Profesor 205;1
Profesor 206;1
Profesor 207;1
Profesor 208;1
Profesor 209;1
Profesor 210;1
Profesor 211;1
Profesor 212;1
Profesor 213;1
Profesor 214;1
Profesor 215;1
Profesor 216;1
Profesor 217;1
Profesor 218;1
Profesor 219;1
Profesor 220;1
Profesor 221;1
Profesor 222;1
Profesor 223;1
Profesor 224;1
Profesor 225;1
Profesor 226;1
Profesor 227;1
Profesor 228;1
Profesor 229;1
Profesor 230;1
Profesor 231;1
Profesor 232;1
Profesor 233;1
Profesor 234;1
Profesor 235;1
Profesor 236;1
Profesor 237;1
Profesor 238;1
Profesor 239;1
Profesor 240;1
Profesor 241;1
Profesor 242;1
Profesor 243;1
Profesor 244;1
Profesor 245;1
Profesor 246;1
Profesor 247;1
Profesor 248;1
Profesor 249;1
Profesor 250;1
Profesor 251;0
Profesor 252;0
Profesor 253;0
Profesor 254;0
Profesor 255;0
Profesor 256;0
Profesor 257;0
Profesor 258;0
Profesor 259;0
Profesor 260;0
Profesor 261;0
Profesor 262;0
Profesor 263;0
Profesor 264;0
Profesor 265;0
Profesor 266;0
Profesor 267;0
Profesor 268;0
Profesor 269;0
Profesor 270;0
Profesor 271;0
Profesor 272;0
Profesor 273;0
Profesor 274;0
Profesor 275;0
Profesor 276;0
Profesor 277;0
Profesor 278;0
Profesor 279;0
Profesor 280;0
Profesor 281;0
Profesor 282;0
Profesor 283;0
Profesor 284;0
Profesor 285;0
Profesor 286;0
Profesor 287;0
Profesor 288;0
Profesor 289;0
Profesor 290;0
Profesor 291;0
Profesor 292;0
Profesor 293;0
Profesor 294;0
Profesor 295;0
Profesor 296;0
Profesor 297;0
Profesor 298;0
Profesor 299;0
Profesor 300;0
Profesor 301;0
Profesor 302;0
Profesor 303;0
Profesor 304;0
Profesor 305;0
Profesor 306;0
Profesor 307;0
Profesor 308;0
Profesor 309;0
Profesor 310;0
Profesor 311;0
Profesor 312;0
Profesor 313;0
Profesor 314;0
Profesor 315;0
Profesor 316;0
Profesor 317;0
Profesor 318;0
Profesor 319;0
Profesor 320;0
Profesor 321;0
Profesor 322;0
Profesor 323;0
Profesor 324;0
Profesor 325;0
Profesor 326;0
Profesor 327;0
Profesor 328;0
Profesor 329;0
Profesor 330;0
Profesor 331;0
Profesor 332;0
Profesor 333;0
Profesor 334;0
Profesor 335;0
Profesor 336;0
Profesor 337;0
Profesor 338;0
Profesor 339;0
Profesor 340;0
Profesor 341;0
Profesor 342;0
Profesor 343;0
Profesor 344;0
Profesor 345;0
Profesor 346;0
Profesor 347;0
Profesor 348;0
Profesor 349;0
Profesor 350;0
Profesor 351;0
Profesor 352;0
Profesor 353;0
Profesor 354;0
Profesor 355;0
Profesor 356;0
Profesor 357;0
Profesor 358;0
Profesor 359;0
Profesor 360;0
Profesor 361;0
Profesor 362;0
Profesor 363;0
Profesor 364;0
Profesor 365;0
Profesor 366;0
Profesor 367;0
Profesor 368;0
Profesor 369;0
Profesor 370;0
Profesor 371;0
Profesor 372;0
Profesor 373;0
Profesor 374;0
Profesor 375;0
Profesor 376;0
Profesor 377;0
Profesor 378;0
Profesor 379;0
Profesor 380;0
Profesor 381;0
Profesor 382;0
Profesor 383;0
Profesor 384;0
Profesor 385;0
Profesor 386;0
Profesor 387;0
Profesor 388;0
Profesor 389;0
Profesor 390;0
Profesor 391;0
Profesor 392;0
Profesor 393;0
Profesor 394;0
Profesor 395;0
Profesor 396;0
Profesor 397;0
Profesor 398;0
Profesor 399;0
Profesor 400;0
Profesor 401;0
Profesor 402;0
Profesor 403;0
Profesor 404;0
Profesor 405;0
Profesor 406;0
Profesor 407;0
Profesor 408;0
Profesor 409;0
Profesor 410;0
Profesor 411;0
Profesor 412;0
Profesor 413;0
Profesor 414;0
Profesor 415;0
Profesor 416;0
Profesor 417;0
Profesor 418;0
Profesor 419;0
Profesor 420;0
Profesor 421;0
Profesor 422;0
Profesor 423;0
Profesor 424;0
Profesor 425;0
Profesor 426;0
Profesor 427;0
Profesor 428;0
Profesor 429;0
Profesor 430;0
Profesor 431;0
Profesor 432;0
Profesor 433;0
Profesor 434;0
Profesor 435;0
Profesor 436;0
Profesor 437;0
Profesor 438;0
Profesor 439;0
Profesor 440;0
Profesor 441;0
Profesor 442;0
Profesor 443;0
Profesor 444;0
Profesor 445;0
Profesor 446;0
Profesor 447;0
Profesor 448;0
Profesor 449;0
Profesor 450;0
Profesor 451;0
Profesor 452;0
Profesor 453;0
Profesor 454;0
Profesor 455;0
Profesor 456;0
Profesor 457;0
Profesor 458;0
Profesor 459;0
Profesor 460;0
Profesor 461;0
Profesor 462;0
Profesor 463;0
Profesor 464;0
Profesor 465;0
Profesor 466;0
Profesor 467;0
Profesor 468;0
Profesor 469;0
Profesor 470;0
Profesor 471;0
Profesor 472;0
Profesor 473;0
Profesor 474;0
Profesor 475;0
Profesor 476;0
Profesor 477;0
Profesor 478;0
Profesor 479;0
Profesor 480;0
