Profesores;Tiempo
Profesor 1;5
Profesor 2;3
Profesor 3;3
Profesor 4;3
Profesor 5;4
Profesor 6;4
Profesor 7;5
Profesor 8;4
Profesor 9;3
Profesor 10;5
Profesor 11;3
Profesor 12;2
Profesor 13;2
Profesor 14;3
Profesor 15;5
Profesor 16;2
Profesor 17;3
Profesor 18;3
Profesor 19;4
Profesor 20;5
Profesor 21;3
Profesor 22;2
Profesor 23;5
Profesor 24;4
Profesor 25;3
Profesor 26;3
Profesor 27;2
Profesor 28;3
Profesor 29;2
Profesor 30;5
Profesor 31;3
Profesor 32;3
Profesor 33;5
Profesor 34;3
Profesor 35;5
Profesor 36;4
Profesor 37;2
Profesor 38;2
Profesor 39;4
Profesor 40;4
Profesor 41;2
Profesor 42;5
Profesor 43;4
Profesor 44;3
Profesor 45;4
Profesor 46;3
Profesor 47;2
Profesor 48;3
Profesor 49;4
Profesor 50;4
Profesor 51;2
Profesor 52;2
Profesor 53;3
Profesor 54;5
Profesor 55;5
Profesor 56;4
Profesor 57;4
Profesor 58;3
Profesor 59;4
Profesor 60;5
Profesor 61;2
Profesor 62;2
Profesor 63;5
Profesor 64;5
Profesor 65;2
Profesor 66;4
Profesor 67;3
Profesor 68;5
Profesor 69;3
Profesor 70;4
Profesor 71;3
Profesor 72;4
Profesor 73;5
Profesor 74;5
Profesor 75;4
Profesor 76;2
Profesor 77;2
Profesor 78;5
Profesor 79;4
Profesor 80;3
Profesor 81;4
Profesor 82;2
Profesor 83;2
Profesor 84;2
Profesor 85;3
Profesor 86;3
Profesor 87;4
Profesor 88;3
Profesor 89;4
Profesor 90;5
Profesor 91;4
Profesor 92;3
Profesor 93;3
Profesor 94;5
Profesor 95;4
Profesor 96;3
Profesor 97;3
Profesor 98;4
Profesor 99;5
Profesor 100;2
Profesor 101;3
Profesor 102;2
Profesor 103;3
Profesor 104;5
Profesor 105;2
Profesor 106;3
Profesor 107;4
Profesor 108;2
Profesor 109;3
Profesor 110;4
Profesor 111;4
Profesor 112;5
Profesor 113;2
Profesor 114;5
Profesor 115;4
Profesor 116;4
Profesor 117;4
Profesor 118;2
Profesor 119;2
Profesor 120;3
Profesor 121;5
Profesor 122;5
Profesor 123;5
Profesor 124;4
Profesor 125;5
Profesor 126;5
Profesor 127;4
Profesor 128;3
Profesor 129;3
Profesor 130;4
Profesor 131;5
Profesor 132;2
Profesor 133;2
Profesor 134;5
Profesor 135;4
Profesor 136;5
Profesor 137;4
Profesor 138;5
Profesor 139;2
Profesor 140;4
Profesor 141;2
Profesor 142;5
Profesor 143;2
Profesor 144;3
Profesor 145;4
Profesor 146;4
Profesor 147;5
Profesor 148;4
Profesor 149;4
Profesor 150;3
Profesor 151;3
Profesor 152;4
Profesor 153;4
Profesor 154;4
Profesor 155;2
Profesor 156;5
Profesor 157;5
Profesor 158;4
Profesor 159;2
Profesor 160;3
Profesor 161;2
Profesor 162;4
Profesor 163;3
Profesor 164;4
Profesor 165;5
Profesor 166;2
Profesor 167;4
Profesor 168;4
Profesor 169;4
Profesor 170;3
Profesor 171;5
Profesor 172;4
Profesor 173;2
Profesor 174;5
Profesor 175;3
Profesor 176;5
Profesor 177;5
Profesor 178;4
Profesor 179;2
Profesor 180;2
Profesor 181;5
Profesor 182;4
Profesor 183;4
Profesor 184;5
Profesor 185;2
Profesor 186;2
Profesor 187;5
Profesor 188;4
Profesor 189;2
Profesor 190;5
Profesor 191;2
Profesor 192;4
Profesor 193;3
Profesor 194;3
Profesor 195;2
Profesor 196;2
Profesor 197;2
Profesor 198;5
Profesor 199;2
Profesor 200;4
Profesor 201;3
Profesor 202;5
Profesor 203;2
Profesor 204;4
Profesor 205;2
Profesor 206;4
Profesor 207;4
Profesor 208;4
Profesor 209;4
Profesor 210;2
Profesor 211;2
Profesor 212;5
Profesor 213;5
Profesor 214;4
Profesor 215;3
Profesor 216;2
Profesor 217;4
Profesor 218;5
Profesor 219;2
Profesor 220;2
Profesor 221;3
Profesor 222;5
Profesor 223;5
Profesor 224;3
Profesor 225;3
Profesor 226;5
Profesor 227;3
Profesor 228;5
Profesor 229;2
Profesor 230;5
Profesor 231;5
Profesor 232;4
Profesor 233;5
Profesor 234;4
Profesor 235;3
Profesor 236;2
Profesor 237;3
Profesor 238;5
Profesor 239;2
Profesor 240;5
Profesor 241;2
Profesor 242;3
Profesor 243;3
Profesor 244;4
Profesor 245;3
Profesor 246;5
Profesor 247;4
Profesor 248;3
Profesor 249;3
Profesor 250;5
Profesor 251;2
Profesor 252;2
Profesor 253;2
Profesor 254;1
Profesor 255;2
Profesor 256;1
Profesor 257;3
Profesor 258;2
Profesor 259;1
Profesor 260;3
Profesor 261;1
Profesor 262;2
Profesor 263;3
Profesor 264;1
Profesor 265;3
Profesor 266;2
Profesor 267;3
Profesor 268;1
Profesor 269;1
Profesor 270;1
Profesor 271;1
Profesor 272;2
Profesor 273;3
Profesor 274;3
Profesor 275;3
Profesor 276;3
Profesor 277;2
Profesor 278;2
Profesor 279;3
Profesor 280;2
Profesor 281;3
Profesor 282;1
Profesor 283;1
Profesor 284;2
Profesor 285;2
Profesor 286;2
Profesor 287;2
Profesor 288;3
Profesor 289;2
Profesor 290;2
Profesor 291;3
Profesor 292;1
Profesor 293;2
Profesor 294;3
Profesor 295;2
Profesor 296;1
Profesor 297;3
Profesor 298;2
Profesor 299;3
Profesor 300;3
Profesor 301;3
Profesor 302;3
Profesor 303;3
Profesor 304;3
Profesor 305;3
Profesor 306;2
Profesor 307;3
Profesor 308;2
Profesor 309;2
Profesor 310;1
Profesor 311;1
Profesor 312;3
Profesor 313;1
Profesor 314;2
Profesor 315;3
Profesor 316;3
Profesor 317;2
Profesor 318;2
Profesor 319;1
Profesor 320;2
Profesor 321;3
Profesor 322;3
Profesor 323;1
Profesor 324;2
Profesor 325;1
Profesor 326;2
Profesor 327;1
Profesor 328;3
Profesor 329;3
Profesor 330;3
Profesor 331;2
Profesor 332;3
Profesor 333;3
Profesor 334;3
Profesor 335;1
Profesor 336;1
Profesor 337;3
Profesor 338;3
Profesor 339;1
Profesor 340;1
Profesor 341;2
Profesor 342;3
Profesor 343;3
Profesor 344;1
Profesor 345;3
Profesor 346;3
Profesor 347;3
Profesor 348;2
Profesor 349;2
Profesor 350;2
Profesor 351;3
Profesor 352;3
Profesor 353;2
Profesor 354;1
Profesor 355;3
Profesor 356;3
Profesor 357;3
Profesor 358;3
Profesor 359;3
Profesor 360;2
Profesor 361;3
Profesor 362;1
Profesor 363;1
Profesor 364;3
Profesor 365;2
Profesor 366;3
Profesor 367;1
Profesor 368;2
Profesor 369;3
Profesor 370;2
Profesor 371;1
Profesor 372;1
Profesor 373;2
Profesor 374;1
Profesor 375;2
Profesor 376;1
Profesor 377;3
Profesor 378;1
Profesor 379;3
Profesor 380;3
Profesor 381;3
Profesor 382;2
Profesor 383;3
Profesor 384;3
Profesor 385;2
Profesor 386;2
Profesor 387;2
Profesor 388;1
Profesor 389;3
Profesor 390;1
Profesor 391;3
Profesor 392;2
Profesor 393;2
Profesor 394;2
Profesor 395;2
Profesor 396;1
Profesor 397;3
Profesor 398;3
Profesor 399;1
Profesor 400;1
Profesor 401;1
Profesor 402;1
Profesor 403;1
Profesor 404;2
Profesor 405;1
Profesor 406;3
Profesor 407;3
Profesor 408;1
Profesor 409;1
Profesor 410;3
Profesor 411;1
Profesor 412;1
Profesor 413;2
Profesor 414;1
Profesor 415;3
Profesor 416;3
Profesor 417;3
Profesor 418;1
Profesor 419;1
Profesor 420;1
Profesor 421;2
Profesor 422;3
Profesor 423;1
Profesor 424;1
Profesor 425;2
Profesor 426;3
Profesor 427;2
Profesor 428;2
Profesor 429;3
Profesor 430;2
Profesor 431;2
Profesor 432;1
Profesor 433;3
Profesor 434;1
Profesor 435;3
Profesor 436;3
Profesor 437;3
Profesor 438;2
Profesor 439;2
Profesor 440;2
Profesor 441;1
Profesor 442;2
Profesor 443;3
Profesor 444;1
Profesor 445;1
Profesor 446;3
Profesor 447;3
Profesor 448;1
Profesor 449;2
Profesor 450;3
Profesor 451;3
Profesor 452;3
Profesor 453;2
Profesor 454;3
Profesor 455;1
Profesor 456;2
Profesor 457;1
Profesor 458;2
Profesor 459;1
Profesor 460;3
Profesor 461;1
Profesor 462;1
Profesor 463;2
Profesor 464;2
Profesor 465;2
Profesor 466;1
Profesor 467;1
Profesor 468;3
Profesor 469;3
Profesor 470;3
Profesor 471;1
Profesor 472;3
Profesor 473;3
Profesor 474;2
Profesor 475;3
Profesor 476;2
Profesor 477;3
Profesor 478;3
Profesor 479;2
Profesor 480;3
